<?xml version="1.0" encoding="windows-1252"?>
<beans xmlns="http://www.springframework.org/schema/beans"
	xmlns:xsi="http://www.w3.org/2001/XMLSchema-instance" xmlns:p="http://www.springframework.org/schema/p"
	xmlns:context="http://www.springframework.org/schema/context"
	xmlns:mvc="http://www.springframework.org/schema/mvc" xmlns:aop="http://www.springframework.org/schema/aop"
	xmlns:tx="http://www.springframework.org/schema/tx"
	xsi:schemaLocation="
       http://www.springframework.org/schema/beans
       http://www.springframework.org/schema/beans/spring-beans-3.0.xsd
       http://www.springframework.org/schema/context
       http://www.springframework.org/schema/context/spring-context-3.0.xsd
       http://www.springframework.org/schema/mvc
       http://www.springframework.org/schema/mvc/spring-mvc-3.0.xsd
       http://www.springframework.org/schema/aop
       http://www.springframework.org/schema/aop/spring-aop-3.0.xsd
       http://www.springframework.org/schema/tx
       http://www.springframework.org/schema/tx/spring-tx-3.0.xsd">

	<!-- Use @Component annotations for bean definitions -->
	<context:component-scan base-package="edu.neu.webapp.graphiccodegen.controller" />
	<context:component-scan base-package="edu.neu.webapp.graphiccodegen.dao" />
	<context:component-scan base-package="edu.neu.webapp.graphiccodegen.entities" />
	<context:component-scan base-package="edu.neu.webapp.graphiccodegen.services" />
	
	<!-- Use @Controller annotations for MVC controller definitions -->
	<mvc:annotation-driven />

	<!-- Add JPA support -->
	<bean id="emf"
		class="org.springframework.orm.jpa.LocalContainerEntityManagerFactoryBean">
		<property name="loadTimeWeaver">
			<bean
				class="org.springframework.instrument.classloading.InstrumentationLoadTimeWeaver" />
		</property>
	</bean>
	<!-- Add Transaction support -->
	<bean id="myTxManager" class="org.springframework.orm.jpa.JpaTransactionManager">
		<property name="entityManagerFactory" ref="emf" />
	</bean>

	<!-- Use @Transaction annotations for managing transactions -->
	<tx:annotation-driven transaction-manager="myTxManager" />

	<!-- View resolver -->
	<bean
		class="org.springframework.web.servlet.view.InternalResourceViewResolver">
		<property name="prefix" value="/WEB-INF/" />
		<property name="suffix">
			<value>.jsp</value>
		</property>
	</bean>
	<bean name="/developer.html" class="org.springframework.web.servlet.mvc.ParameterizableViewController">  
    <property name="viewName" value="developerAjax"/>  
</bean>
<bean name="/developerDetails.html" class="org.springframework.web.servlet.mvc.ParameterizableViewController">  
    <property name="viewName" value="developerDetails"/>  
</bean>  

<bean name="/applicationList.html" class="org.springframework.web.servlet.mvc.ParameterizableViewController">  
    <property name="viewName" value="applicationList"/>  
</bean>  

<bean name="/applicationDetails.html" class="org.springframework.web.servlet.mvc.ParameterizableViewController">  
    <property name="viewName" value="applicationDetails"/>  
</bean>  
<bean id="myProperties"
      class="org.springframework.beans.factory.config.PropertiesFactoryBean">
  <property name="locations">
    <list>
      <value>/WEB-INF/config.properties</value>
    </list>
  </property>
  </bean>
	<bean id="codeGenUtils" class="edu.neu.webapp.graphiccodegen.services.CodeGenUtils"> </bean>
	<bean id="dataService" class="edu.neu.webapp.graphiccodegen.services.DataService"> </bean>
	<bean id="operationService" class="edu.neu.webapp.graphiccodegen.services.OperationService"> </bean>
	<bean id="branchService" class="edu.neu.webapp.graphiccodegen.services.BranchService"> </bean>
	<bean id="typeService" class="edu.neu.webapp.graphiccodegen.services.TypeService"> </bean>
	<bean id="scriptService" class="edu.neu.webapp.graphiccodegen.services.ScriptService"> </bean>
	<bean id="applicationService" class="edu.neu.webapp.graphiccodegen.services.ApplicationService"> </bean>
	<bean id="developerService" class="edu.neu.webapp.graphiccodegen.services.DeveloperService"> </bean>
	<bean id="flowService" class="edu.neu.webapp.graphiccodegen.services.FlowService"> </bean>
	<bean id="nodeService" class="edu.neu.webapp.graphiccodegen.services.NodeService"> </bean>
	<bean id="eventService" class="edu.neu.webapp.graphiccodegen.services.EventService"> </bean>
	<bean id="publishAppService" class="edu.neu.webapp.graphiccodegen.services.PublishAppService"> </bean>
</beans>